Data-Locale,Material ID,Product hierarchy,EAN,Unit,Name,Description
de,100101000001,10010100,4001234500001,PCE,Eco Flow Axialpumpe AX 200,"<p>Unsere leistungsstarke Axialpumpe AX 200 ist für hohe Volumenströme in Wasser- und Abwasseranwendungen bei geringen Förderhöhen konzipiert. Die robuste Konstruktion zeichnet sich durch hohe Langlebigkeit sowie eine kostengünstige Installation und Wartung aus.</p><h3>Einfache Installation</h3><p>Die Axialpumpe AX 200 wird durch einfaches Einlassen in vertikale Rohrschächte installiert. Der eigens entwickelte Dichtring schließt flächenbündig mit dem Flansch des Schachtrohres ab. In den meisten Anwendungsfällen ist keine zusätzliche mechanische Sicherung erforderlich, um die Dichtigkeit zum Pumpensumpf herzustellen. Optional ist eine mechanische Verbindung möglich.</p><h3>Anwendungsgebiete</h3><ul><li>Pumpenwerke für Schmutzwasser (Starkregen, Hochwasser)</li><li>Nutzwasserwerke</li><li>Abwasserförderung</li><li>Förderung ölhaltigen Wassers</li></ul>"
en,100101000001,10010100,4001234500001,PCE,Eco Flow axial flow pump AX 200,"<p>Our high-performance AX 200 axial flow pump is designed for high flow rates in water and wastewater applications with low heads. The robust design ensures long service life as well as cost-efficient installation and maintenance.</p><h3>Easy installation</h3><p>The AX 200 axial flow pump is installed by simply lowering it into vertical pipe shafts. The specially developed sealing ring closes flush with the flange of the shaft pipe. In most applications, no additional mechanical fixing is required to achieve tightness to the pump sump, but a mechanical connection can be provided as an option.</p><h3>Applications</h3><ul><li>Pumping stations for wastewater (stormwater, floodwater)</li><li>Utility water plants</li><li>Wastewater transport</li><li>Pumping of oil-containing water</li></ul>"
es,100101000001,10010100,4001234500001,PCE,Eco Flow Axialpumpe AX 200,"<p>Our high-performance AX 200 axial flow pump is designed for high flow rates in water and wastewater applications with low heads. The robust design ensures long service life as well as cost-efficient installation and maintenance.</p><h3>Easy installation</h3><p>The AX 200 axial flow pump is installed by simply lowering it into vertical pipe shafts. The specially developed sealing ring closes flush with the flange of the shaft pipe. In most applications, no additional mechanical fixing is required to achieve tightness to the pump sump, but a mechanical connection can be provided as an option.</p><h3>Applications</h3><ul><li>Pumping stations for wastewater (stormwater, floodwater)</li><li>Utility water plants</li><li>Wastewater transport</li><li>Pumping of oil-containing water</li></ul>"
ja,100101000001,10010100,4001234500001,PCE,Eco Flow 軸流ポンプ AX 200,"<p>Our high-performance AX 200 axial flow pump is designed for high flow rates in water and wastewater applications with low heads. The robust design ensures long service life as well as cost-efficient installation and maintenance.</p><h3>Easy installation</h3><p>The AX 200 axial flow pump is installed by simply lowering it into vertical pipe shafts. The specially developed sealing ring closes flush with the flange of the shaft pipe. In most applications, no additional mechanical fixing is required to achieve tightness to the pump sump, but a mechanical connection can be provided as an option.</p><h3>Applications</h3><ul><li>Pumping stations for wastewater (stormwater, floodwater)</li><li>Utility water plants</li><li>Wastewater transport</li><li>Pumping of oil-containing water</li></ul>"
pt,100101000001,10010100,4001234500001,PCE,Eco Flow Bomba de fluxo axial AX 200,"<p>Our high-performance AX 200 axial flow pump is designed for high flow rates in water and wastewater applications with low heads. The robust design ensures long service life as well as cost-efficient installation and maintenance.</p><h3>Easy installation</h3><p>The AX 200 axial flow pump is installed by simply lowering it into vertical pipe shafts. The specially developed sealing ring closes flush with the flange of the shaft pipe. In most applications, no additional mechanical fixing is required to achieve tightness to the pump sump, but a mechanical connection can be provided as an option.</p><h3>Applications</h3><ul><li>Pumping stations for wastewater (stormwater, floodwater)</li><li>Utility water plants</li><li>Wastewater transport</li><li>Pumping of oil-containing water</li></ul>"
zh,100101000001,10010100,4001234500001,PCE,Eco Flow 轴流泵 AX 200,"<p>Our high-performance AX 200 axial flow pump is designed for high flow rates in water and wastewater applications with low heads. The robust design ensures long service life as well as cost-efficient installation and maintenance.</p><h3>Easy installation</h3><p>The AX 200 axial flow pump is installed by simply lowering it into vertical pipe shafts. The specially developed sealing ring closes flush with the flange of the shaft pipe. In most applications, no additional mechanical fixing is required to achieve tightness to the pump sump, but a mechanical connection can be provided as an option.</p><h3>Applications</h3><ul><li>Pumping stations for wastewater (stormwater, floodwater)</li><li>Utility water plants</li><li>Wastewater transport</li><li>Pumping of oil-containing water</li></ul>"
de,100101000002,10010100,4001234500002,PCE,Eco Flow Axialpumpe AX 400,"<p>Unsere Axialpumpe AX 400 wurde für höchste Volumenströme in Wasser- und Abwasseranwendungen konzipiert, bei denen große Fördermengen bei moderater Förderhöhe gefordert sind. Die robuste Konstruktion bietet hohe Betriebssicherheit, lange Lebensdauer und eine besonders wirtschaftliche Installation und Wartung.</p><h3>Einfache Installation</h3><p>Die Axialpumpe AX 400 wird durch Einlassen in vertikale Rohrschächte installiert. Der speziell ausgelegte Dichtring schließt flächenbündig mit dem Flansch des Schachtrohres ab und sorgt für eine zuverlässige Abdichtung zum Pumpensumpf. In vielen Anwendungen ist keine zusätzliche mechanische Sicherung erforderlich, kann aber optional vorgesehen werden.</p><h3>Anwendungsgebiete</h3><ul><li>Hochwasser- und Starkregenpumpwerke</li><li>Nutz- und Kühlwasserförderung</li><li>Abwasser- und Mischwasserförderung</li><li>Förderung leicht verschmutzter und sandhaltiger Medien</li></ul>"
en,100101000002,10010100,4001234500002,PCE,Eco Flow axial flow pump AX 400,"<p>Our AX 400 axial flow pump is designed for very high flow rates in water and wastewater applications where large volumes are required at moderate heads. The robust construction offers high operational reliability, long service life and particularly economical installation and maintenance.</p><h3>Easy installation</h3><p>The AX 400 axial flow pump is installed by lowering it into vertical pipe shafts. The specially designed sealing ring closes flush with the flange of the shaft pipe and ensures reliable sealing towards the pump sump. In many applications no additional mechanical fixing is required, but it can be provided as an option.</p><h3>Applications</h3><ul><li>Flood and stormwater pumping stations</li><li>Service and cooling water pumping</li><li>Wastewater and mixed water transport</li><li>Pumping of slightly contaminated and sandy media</li></ul>"
es,100101000002,10010100,4001234500002,PCE,Bomba de flujo axial Eco Flow AX 400,"<p>Our AX 400 axial flow pump is designed for very high flow rates in water and wastewater applications where large volumes are required at moderate heads. The robust construction offers high operational reliability, long service life and particularly economical installation and maintenance.</p><h3>Easy installation</h3><p>The AX 400 axial flow pump is installed by lowering it into vertical pipe shafts. The specially designed sealing ring closes flush with the flange of the shaft pipe and ensures reliable sealing towards the pump sump. In many applications no additional mechanical fixing is required, but it can be provided as an option.</p><h3>Applications</h3><ul><li>Flood and stormwater pumping stations</li><li>Service and cooling water pumping</li><li>Wastewater and mixed water transport</li><li>Pumping of slightly contaminated and sandy media</li></ul>"
ja,100101000002,10010100,4001234500002,PCE,Eco Flow 軸流ポンプ AX 400,"<p>Our AX 400 axial flow pump is designed for very high flow rates in water and wastewater applications where large volumes are required at moderate heads. The robust construction offers high operational reliability, long service life and particularly economical installation and maintenance.</p><h3>Easy installation</h3><p>The AX 400 axial flow pump is installed by lowering it into vertical pipe shafts. The specially designed sealing ring closes flush with the flange of the shaft pipe and ensures reliable sealing towards the pump sump. In many applications no additional mechanical fixing is required, but it can be provided as an option.</p><h3>Applications</h3><ul><li>Flood and stormwater pumping stations</li><li>Service and cooling water pumping</li><li>Wastewater and mixed water transport</li><li>Pumping of slightly contaminated and sandy media</li></ul>"
pt,100101000002,10010100,4001234500002,PCE,Bomba de fluxo axial Eco Flow AX 400,"<p>Our AX 400 axial flow pump is designed for very high flow rates in water and wastewater applications where large volumes are required at moderate heads. The robust construction offers high operational reliability, long service life and particularly economical installation and maintenance.</p><h3>Easy installation</h3><p>The AX 400 axial flow pump is installed by lowering it into vertical pipe shafts. The specially designed sealing ring closes flush with the flange of the shaft pipe and ensures reliable sealing towards the pump sump. In many applications no additional mechanical fixing is required, but it can be provided as an option.</p><h3>Applications</h3><ul><li>Flood and stormwater pumping stations</li><li>Service and cooling water pumping</li><li>Wastewater and mixed water transport</li><li>Pumping of slightly contaminated and sandy media</li></ul>"
zh,100101000002,10010100,4001234500002,PCE,Eco Flow 轴流泵 AX 400,"<p>Our AX 400 axial flow pump is designed for very high flow rates in water and wastewater applications where large volumes are required at moderate heads. The robust construction offers high operational reliability, long service life and particularly economical installation and maintenance.</p><h3>Easy installation</h3><p>The AX 400 axial flow pump is installed by lowering it into vertical pipe shafts. The specially designed sealing ring closes flush with the flange of the shaft pipe and ensures reliable sealing towards the pump sump. In many applications no additional mechanical fixing is required, but it can be provided as an option.</p><h3>Applications</h3><ul><li>Flood and stormwater pumping stations</li><li>Service and cooling water pumping</li><li>Wastewater and mixed water transport</li><li>Pumping of slightly contaminated and sandy media</li></ul>"
de,100102000001,10010200,4001234500003,PCE,Eco Flow Radialpumpe CR 25-160,"<p>Die Radialpumpe CR 25-160 ist eine kompakte, hocheffiziente Kreiselpumpe für Heizungs-, Klima- und industrielle Umwälzanwendungen. Ihr hydraulisch optimiertes Laufrad sorgt für einen zuverlässigen Betrieb bei konstanten Betriebsbedingungen.</p><h3>Einfache Integration</h3><p>Dank genormter Flanschanschlüsse und einer platzsparenden Bauform lässt sich die CR 25-160 unkompliziert in bestehende Rohrleitungssysteme integrieren. Die geringe Geräuschentwicklung und der ruhige Lauf ermöglichen den Einsatz in Technikzentralen und nahe an Arbeitsbereichen.</p><h3>Anwendungsgebiete</h3><ul><li>Heizungs- und Kühlwasserkreisläufe</li><li>Klima- und Lüftungsanlagen</li><li>Industrielle Umwälz- und Prozesswassersysteme</li><li>Druckerhöhungsanlagen für Gebäudeinstallationen</li></ul>"
en,100102000001,10010200,4001234500003,PCE,Eco Flow radial flow pump CR 25-160,"<p>The CR 25-160 radial flow pump is a compact, highly efficient centrifugal pump for heating, air-conditioning and industrial circulation applications. Its hydraulically optimised impeller ensures reliable operation under constant operating conditions.</p><h3>Simple integration</h3><p>Thanks to standardised flanged connections and a space-saving design, the CR 25-160 can be easily integrated into existing piping systems. Low noise emissions and smooth running allow installation in technical centres and close to work areas.</p><h3>Applications</h3><ul><li>Heating and cooling water circuits</li><li>Air-conditioning and ventilation systems</li><li>Industrial circulation and process water systems</li><li>Booster systems in building services</li></ul>"
es,100102000001,10010200,4001234500003,PCE,Bomba de flujo radial Eco Flow CR 25-160,"<p>The CR 25-160 radial flow pump is a compact, highly efficient centrifugal pump for heating, air-conditioning and industrial circulation applications. Its hydraulically optimised impeller ensures reliable operation under constant operating conditions.</p><h3>Simple integration</h3><p>Thanks to standardised flanged connections and a space-saving design, the CR 25-160 can be easily integrated into existing piping systems. Low noise emissions and smooth running allow installation in technical centres and close to work areas.</p><h3>Applications</h3><ul><li>Heating and cooling water circuits</li><li>Air-conditioning and ventilation systems</li><li>Industrial circulation and process water systems</li><li>Booster systems in building services</li></ul>"
ja,100102000001,10010200,4001234500003,PCE,Eco Flow ラジアルポンプ CR 25-160,"<p>The CR 25-160 radial flow pump is a compact, highly efficient centrifugal pump for heating, air-conditioning and industrial circulation applications. Its hydraulically optimised impeller ensures reliable operation under constant operating conditions.</p><h3>Simple integration</h3><p>Thanks to standardised flanged connections and a space-saving design, the CR 25-160 can be easily integrated into existing piping systems. Low noise emissions and smooth running allow installation in technical centres and close to work areas.</p><h3>Applications</h3><ul><li>Heating and cooling water circuits</li><li>Air-conditioning and ventilation systems</li><li>Industrial circulation and process water systems</li><li>Booster systems in building services</li></ul>"
pt,100102000001,10010200,4001234500003,PCE,Bomba de fluxo radial Eco Flow CR 25-160,"<p>The CR 25-160 radial flow pump is a compact, highly efficient centrifugal pump for heating, air-conditioning and industrial circulation applications. Its hydraulically optimised impeller ensures reliable operation under constant operating conditions.</p><h3>Simple integration</h3><p>Thanks to standardised flanged connections and a space-saving design, the CR 25-160 can be easily integrated into existing piping systems. Low noise emissions and smooth running allow installation in technical centres and close to work areas.</p><h3>Applications</h3><ul><li>Heating and cooling water circuits</li><li>Air-conditioning and ventilation systems</li><li>Industrial circulation and process water systems</li><li>Booster systems in building services</li></ul>"
zh,100102000001,10010200,4001234500003,PCE,Eco Flow 径流泵 CR 25-160,"<p>The CR 25-160 radial flow pump is a compact, highly efficient centrifugal pump for heating, air-conditioning and industrial circulation applications. Its hydraulically optimised impeller ensures reliable operation under constant operating conditions.</p><h3>Simple integration</h3><p>Thanks to standardised flanged connections and a space-saving design, the CR 25-160 can be easily integrated into existing piping systems. Low noise emissions and smooth running allow installation in technical centres and close to work areas.</p><h3>Applications</h3><ul><li>Heating and cooling water circuits</li><li>Air-conditioning and ventilation systems</li><li>Industrial circulation and process water systems</li><li>Booster systems in building services</li></ul>"
de,100102000002,10010200,4001234500004,PCE,Eco Flow Radialpumpe CR 32-200,<p>Die Radialpumpe CR 32-200 ist für höhere Förderhöhen und Volumenströme in industriellen Prozessen ausgelegt. Die robuste Ausführung und der hohe hydraulische Wirkungsgrad senken Energie- und Wartungskosten über den gesamten Lebenszyklus.</p><h3>Flexible Einbindung</h3><p>Mit genormten Anschlussmaßen und einer stabilen Grundplattenmontage lässt sich die CR 32-200 einfach in Neu- und Bestandsanlagen integrieren. Optional verfügbare Dichtungssysteme und Werkstoffkombinationen erlauben die Anpassung an unterschiedliche Medien und Betriebstemperaturen.</p><h3>Anwendungsgebiete</h3><ul><li>Prozesswasser- und Brauchwasserversorgung</li><li>Kühl- und Kaltwassersysteme in der Industrie</li><li>Kesselspeise- und Kondensatrückführsysteme</li><li>Druckerhöhung in Verteilnetzen</li></ul>
en,100102000002,10010200,4001234500004,PCE,Eco Flow radial flow pump CR 32-200,"<p>The CR 32-200 radial flow pump is designed for higher heads and flow rates in industrial processes. Its robust design and high hydraulic efficiency reduce energy and maintenance costs over the entire life cycle.</p><h3>Flexible integration</h3><p>With standardised connection dimensions and a rigid baseplate mounting, the CR 32-200 can be easily integrated into new and existing installations. Optional sealing systems and material combinations allow adaptation to different media and operating temperatures.</p><h3>Applications</h3><ul><li>Process and service water supply</li><li>Industrial cooling and chilled water systems</li><li>Boiler feed and condensate return systems</li><li>Pressure boosting in distribution networks</li></ul>"
es,100102000002,10010200,4001234500004,PCE,Bomba de flujo radial Eco Flow CR 32-200,"<p>The CR 32-200 radial flow pump is designed for higher heads and flow rates in industrial processes. Its robust design and high hydraulic efficiency reduce energy and maintenance costs over the entire life cycle.</p><h3>Flexible integration</h3><p>With standardised connection dimensions and a rigid baseplate mounting, the CR 32-200 can be easily integrated into new and existing installations. Optional sealing systems and material combinations allow adaptation to different media and operating temperatures.</p><h3>Applications</h3><ul><li>Process and service water supply</li><li>Industrial cooling and chilled water systems</li><li>Boiler feed and condensate return systems</li><li>Pressure boosting in distribution networks</li></ul>"
ja,100102000002,10010200,4001234500004,PCE,Eco Flow ラジアルポンプ CR 32-200,"<p>The CR 32-200 radial flow pump is designed for higher heads and flow rates in industrial processes. Its robust design and high hydraulic efficiency reduce energy and maintenance costs over the entire life cycle.</p><h3>Flexible integration</h3><p>With standardised connection dimensions and a rigid baseplate mounting, the CR 32-200 can be easily integrated into new and existing installations. Optional sealing systems and material combinations allow adaptation to different media and operating temperatures.</p><h3>Applications</h3><ul><li>Process and service water supply</li><li>Industrial cooling and chilled water systems</li><li>Boiler feed and condensate return systems</li><li>Pressure boosting in distribution networks</li></ul>"
pt,100102000002,10010200,4001234500004,PCE,Bomba de fluxo radial Eco Flow CR 32-200,"<p>The CR 32-200 radial flow pump is designed for higher heads and flow rates in industrial processes. Its robust design and high hydraulic efficiency reduce energy and maintenance costs over the entire life cycle.</p><h3>Flexible integration</h3><p>With standardised connection dimensions and a rigid baseplate mounting, the CR 32-200 can be easily integrated into new and existing installations. Optional sealing systems and material combinations allow adaptation to different media and operating temperatures.</p><h3>Applications</h3><ul><li>Process and service water supply</li><li>Industrial cooling and chilled water systems</li><li>Boiler feed and condensate return systems</li><li>Pressure boosting in distribution networks</li></ul>"
zh,100102000002,10010200,4001234500004,PCE,Eco Flow 径流泵 CR 32-200,"<p>The CR 32-200 radial flow pump is designed for higher heads and flow rates in industrial processes. Its robust design and high hydraulic efficiency reduce energy and maintenance costs over the entire life cycle.</p><h3>Flexible integration</h3><p>With standardised connection dimensions and a rigid baseplate mounting, the CR 32-200 can be easily integrated into new and existing installations. Optional sealing systems and material combinations allow adaptation to different media and operating temperatures.</p><h3>Applications</h3><ul><li>Process and service water supply</li><li>Industrial cooling and chilled water systems</li><li>Boiler feed and condensate return systems</li><li>Pressure boosting in distribution networks</li></ul>"
de,100103000001,10010300,4001234500005,PCE,Eco Flow Seitenkanalpumpe SC 40-4,<p>Die Seitenkanalpumpe SC 40-4 ist eine selbstansaugende Pumpe für gasbeladene Medien und intermittierende Betriebsweisen. Ihr mehrstufiges Seitenkanalprinzip kombiniert die Vorteile von Verdränger- und Kreiselpumpen und ermöglicht stabile Förderung auch bei Dampf- und Gasanteilen im Medium.</p><h3>Selbstansaugung und Betriebssicherheit</h3><p>Die SC 40-4 baut zuverlässig Ansaughöhen auf und eignet sich besonders für Anwendungen mit häufigem An- und Abfahren. Durch die selbstenlüftende Hydraulik bleibt die Förderleistung auch bei wechselnden Betriebsbedingungen stabil.</p><h3>Anwendungsgebiete</h3><ul><li>Tankentleerung und -befüllung</li><li>Kesselspeise- und Kondensatrückführung</li><li>Förderung gasbeladener und siedender Medien</li><li>Druckerhöhung in Prozess- und Versorgungssystemen</li></ul>
en,100103000001,10010300,4001234500005,PCE,Eco Flow side channel pump SC 40-4,<p>The SC 40-4 side channel pump is a self-priming pump for gas-laden liquids and intermittent operation. Its multi-stage side channel principle combines the advantages of positive displacement and centrifugal pumps and enables stable pumping even with gas and vapour content in the medium.</p><h3>Self-priming and reliable operation</h3><p>The SC 40-4 reliably builds up suction lift and is particularly suitable for applications with frequent start/stop cycles. The self-venting hydraulics ensure stable pump performance even under changing operating conditions.</p><h3>Applications</h3><ul><li>Tank emptying and filling</li><li>Boiler feed and condensate return</li><li>Pumping of gas-laden and boiling liquids</li><li>Pressure boosting in process and utility systems</li></ul>
es,100103000001,10010300,4001234500005,PCE,Bomba de canal lateral Eco Flow SC 40-4,<p>The SC 40-4 side channel pump is a self-priming pump for gas-laden liquids and intermittent operation. Its multi-stage side channel principle combines the advantages of positive displacement and centrifugal pumps and enables stable pumping even with gas and vapour content in the medium.</p><h3>Self-priming and reliable operation</h3><p>The SC 40-4 reliably builds up suction lift and is particularly suitable for applications with frequent start/stop cycles. The self-venting hydraulics ensure stable pump performance even under changing operating conditions.</p><h3>Applications</h3><ul><li>Tank emptying and filling</li><li>Boiler feed and condensate return</li><li>Pumping of gas-laden and boiling liquids</li><li>Pressure boosting in process and utility systems</li></ul>
ja,100103000001,10010300,4001234500005,PCE,Eco Flow サイドチャネルポンプ SC 40-4,<p>The SC 40-4 side channel pump is a self-priming pump for gas-laden liquids and intermittent operation. Its multi-stage side channel principle combines the advantages of positive displacement and centrifugal pumps and enables stable pumping even with gas and vapour content in the medium.</p><h3>Self-priming and reliable operation</h3><p>The SC 40-4 reliably builds up suction lift and is particularly suitable for applications with frequent start/stop cycles. The self-venting hydraulics ensure stable pump performance even under changing operating conditions.</p><h3>Applications</h3><ul><li>Tank emptying and filling</li><li>Boiler feed and condensate return</li><li>Pumping of gas-laden and boiling liquids</li><li>Pressure boosting in process and utility systems</li></ul>
pt,100103000001,10010300,4001234500005,PCE,Bomba de canal lateral Eco Flow SC 40-4,<p>The SC 40-4 side channel pump is a self-priming pump for gas-laden liquids and intermittent operation. Its multi-stage side channel principle combines the advantages of positive displacement and centrifugal pumps and enables stable pumping even with gas and vapour content in the medium.</p><h3>Self-priming and reliable operation</h3><p>The SC 40-4 reliably builds up suction lift and is particularly suitable for applications with frequent start/stop cycles. The self-venting hydraulics ensure stable pump performance even under changing operating conditions.</p><h3>Applications</h3><ul><li>Tank emptying and filling</li><li>Boiler feed and condensate return</li><li>Pumping of gas-laden and boiling liquids</li><li>Pressure boosting in process and utility systems</li></ul>
zh,100103000001,10010300,4001234500005,PCE,Eco Flow 侧通道泵 SC 40-4,<p>The SC 40-4 side channel pump is a self-priming pump for gas-laden liquids and intermittent operation. Its multi-stage side channel principle combines the advantages of positive displacement and centrifugal pumps and enables stable pumping even with gas and vapour content in the medium.</p><h3>Self-priming and reliable operation</h3><p>The SC 40-4 reliably builds up suction lift and is particularly suitable for applications with frequent start/stop cycles. The self-venting hydraulics ensure stable pump performance even under changing operating conditions.</p><h3>Applications</h3><ul><li>Tank emptying and filling</li><li>Boiler feed and condensate return</li><li>Pumping of gas-laden and boiling liquids</li><li>Pressure boosting in process and utility systems</li></ul>
de,100103000002,10010300,4001234500006,PCE,Eco Flow Seitenkanalpumpe SC 50-6,"<p>Die Seitenkanalpumpe SC 50-6 ist eine mehrstufige Pumpe für hohe Förderhöhen bei mittleren Volumenströmen. Sie ist für anspruchsvolle Prozessanwendungen ausgelegt, in denen Zuverlässigkeit und eine sichere Förderung gasbeladener Medien im Vordergrund stehen.</p><h3>Mehrstufige Seitenkanalhydraulik</h3><p>Durch ihre sechs Seitenkanalstufen erreicht die SC 50-6 hohe Drücke bei kompakter Bauweise. Die robuste Konstruktion und hochwertig ausgeführte Dichtungen sorgen für lange Standzeiten auch unter wechselnden Betriebsbedingungen.</p><h3>Anwendungsgebiete</h3><ul><li>Prozess- und Betriebswasserversorgung</li><li>Druckerhöhung in mehrstöckigen Anlagen</li><li>Kesselspeise- und Kondensatsysteme</li><li>Förderung leicht gas- oder dampfhaltiger Medien</li></ul>"
en,100103000002,10010300,4001234500006,PCE,Eco Flow side channel pump SC 50-6,"<p>The SC 50-6 side channel pump is a multi-stage pump for high heads at medium flow rates. It is designed for demanding process applications where reliability and safe pumping of gas-laden media are essential.</p><h3>Multi-stage side channel hydraulics</h3><p>With its six side channel stages, the SC 50-6 achieves high pressures with a compact footprint. The robust construction and high-quality sealing systems ensure long service life even under changing operating conditions.</p><h3>Applications</h3><ul><li>Process and utility water supply</li><li>Pressure boosting in multi-storey plants</li><li>Boiler feed and condensate systems</li><li>Pumping of slightly gas- or vapour-laden media</li></ul>"
es,100103000002,10010300,4001234500006,PCE,Bomba de canal lateral Eco Flow SC 50-6,"<p>The SC 50-6 side channel pump is a multi-stage pump for high heads at medium flow rates. It is designed for demanding process applications where reliability and safe pumping of gas-laden media are essential.</p><h3>Multi-stage side channel hydraulics</h3><p>With its six side channel stages, the SC 50-6 achieves high pressures with a compact footprint. The robust construction and high-quality sealing systems ensure long service life even under changing operating conditions.</p><h3>Applications</h3><ul><li>Process and utility water supply</li><li>Pressure boosting in multi-storey plants</li><li>Boiler feed and condensate systems</li><li>Pumping of slightly gas- or vapour-laden media</li></ul>"
ja,100103000002,10010300,4001234500006,PCE,Eco Flow サイドチャネルポンプ SC 50-6,"<p>The SC 50-6 side channel pump is a multi-stage pump for high heads at medium flow rates. It is designed for demanding process applications where reliability and safe pumping of gas-laden media are essential.</p><h3>Multi-stage side channel hydraulics</h3><p>With its six side channel stages, the SC 50-6 achieves high pressures with a compact footprint. The robust construction and high-quality sealing systems ensure long service life even under changing operating conditions.</p><h3>Applications</h3><ul><li>Process and utility water supply</li><li>Pressure boosting in multi-storey plants</li><li>Boiler feed and condensate systems</li><li>Pumping of slightly gas- or vapour-laden media</li></ul>"
pt,100103000002,10010300,4001234500006,PCE,Bomba de canal lateral Eco Flow SC 50-6,"<p>The SC 50-6 side channel pump is a multi-stage pump for high heads at medium flow rates. It is designed for demanding process applications where reliability and safe pumping of gas-laden media are essential.</p><h3>Multi-stage side channel hydraulics</h3><p>With its six side channel stages, the SC 50-6 achieves high pressures with a compact footprint. The robust construction and high-quality sealing systems ensure long service life even under changing operating conditions.</p><h3>Applications</h3><ul><li>Process and utility water supply</li><li>Pressure boosting in multi-storey plants</li><li>Boiler feed and condensate systems</li><li>Pumping of slightly gas- or vapour-laden media</li></ul>"
zh,100103000002,10010300,4001234500006,PCE,Eco Flow 侧通道泵 SC 50-6,"<p>The SC 50-6 side channel pump is a multi-stage pump for high heads at medium flow rates. It is designed for demanding process applications where reliability and safe pumping of gas-laden media are essential.</p><h3>Multi-stage side channel hydraulics</h3><p>With its six side channel stages, the SC 50-6 achieves high pressures with a compact footprint. The robust construction and high-quality sealing systems ensure long service life even under changing operating conditions.</p><h3>Applications</h3><ul><li>Process and utility water supply</li><li>Pressure boosting in multi-storey plants</li><li>Boiler feed and condensate systems</li><li>Pumping of slightly gas- or vapour-laden media</li></ul>"
de,100201000001,10020100,4001234500007,PCE,Eco Flow Membrandosierpumpe MD 5-10,<p>Die Membrandosierpumpe MD 5-10 ist für präzise Chemikaliendosierung in der Wasser- und Abwasseraufbereitung konzipiert. Die hermetisch getrennte Dosierhydraulik schützt Bediener und Anlage zuverlässig vor dem Fördermedium.</p><h3>Exakte Dosierung und einfache Kalibrierung</h3><p>Die Fördermenge der MD 5-10 kann über Hubfrequenz und Hublänge fein eingestellt werden. Eine gut zugängliche Skala sowie optionale elektrische oder busfähige Antriebe ermöglichen die einfache Integration in bestehende Leitsysteme.</p><h3>Anwendungsgebiete</h3><ul><li>Dosierung von Fäll- und Flockungsmitteln</li><li>pH-Korrektur in Wasseraufbereitungsanlagen</li><li>Dosierung von Desinfektionsmitteln</li><li>Chemikaliendosierung in industriellen Prozessen</li></ul>
en,100201000001,10020100,4001234500007,PCE,Eco Flow diaphragm dosing pump MD 5-10,<p>The MD 5-10 diaphragm dosing pump is designed for precise chemical dosing in water and wastewater treatment. The hermetically separated dosing hydraulics reliably protect operators and equipment from the medium.</p><h3>Accurate dosing and easy calibration</h3><p>The flow rate of the MD 5-10 can be finely adjusted via stroke frequency and stroke length. A clearly readable scale and optional electric or bus-capable drives enable straightforward integration into existing control systems.</p><h3>Applications</h3><ul><li>Dosing of coagulants and flocculants</li><li>pH correction in water treatment plants</li><li>Dosing of disinfectants</li><li>Chemical dosing in industrial processes</li></ul>
es,100201000001,10020100,4001234500007,PCE,Bomba dosificadora de diafragma Eco Flow MD 5-10,<p>The MD 5-10 diaphragm dosing pump is designed for precise chemical dosing in water and wastewater treatment. The hermetically separated dosing hydraulics reliably protect operators and equipment from the medium.</p><h3>Accurate dosing and easy calibration</h3><p>The flow rate of the MD 5-10 can be finely adjusted via stroke frequency and stroke length. A clearly readable scale and optional electric or bus-capable drives enable straightforward integration into existing control systems.</p><h3>Applications</h3><ul><li>Dosing of coagulants and flocculants</li><li>pH correction in water treatment plants</li><li>Dosing of disinfectants</li><li>Chemical dosing in industrial processes</li></ul>
ja,100201000001,10020100,4001234500007,PCE,Eco Flow ダイヤフラム定量ポンプ MD 5-10,<p>The MD 5-10 diaphragm dosing pump is designed for precise chemical dosing in water and wastewater treatment. The hermetically separated dosing hydraulics reliably protect operators and equipment from the medium.</p><h3>Accurate dosing and easy calibration</h3><p>The flow rate of the MD 5-10 can be finely adjusted via stroke frequency and stroke length. A clearly readable scale and optional electric or bus-capable drives enable straightforward integration into existing control systems.</p><h3>Applications</h3><ul><li>Dosing of coagulants and flocculants</li><li>pH correction in water treatment plants</li><li>Dosing of disinfectants</li><li>Chemical dosing in industrial processes</li></ul>
pt,100201000001,10020100,4001234500007,PCE,Bomba dosadora de diafragma Eco Flow MD 5-10,<p>The MD 5-10 diaphragm dosing pump is designed for precise chemical dosing in water and wastewater treatment. The hermetically separated dosing hydraulics reliably protect operators and equipment from the medium.</p><h3>Accurate dosing and easy calibration</h3><p>The flow rate of the MD 5-10 can be finely adjusted via stroke frequency and stroke length. A clearly readable scale and optional electric or bus-capable drives enable straightforward integration into existing control systems.</p><h3>Applications</h3><ul><li>Dosing of coagulants and flocculants</li><li>pH correction in water treatment plants</li><li>Dosing of disinfectants</li><li>Chemical dosing in industrial processes</li></ul>
zh,100201000001,10020100,4001234500007,PCE,Eco Flow 隔膜计量泵 MD 5-10,<p>The MD 5-10 diaphragm dosing pump is designed for precise chemical dosing in water and wastewater treatment. The hermetically separated dosing hydraulics reliably protect operators and equipment from the medium.</p><h3>Accurate dosing and easy calibration</h3><p>The flow rate of the MD 5-10 can be finely adjusted via stroke frequency and stroke length. A clearly readable scale and optional electric or bus-capable drives enable straightforward integration into existing control systems.</p><h3>Applications</h3><ul><li>Dosing of coagulants and flocculants</li><li>pH correction in water treatment plants</li><li>Dosing of disinfectants</li><li>Chemical dosing in industrial processes</li></ul>
de,100201000002,10020100,4001234500008,PCE,Eco Flow Membrandosierpumpe MD 10-7,"<p>Die Membrandosierpumpe MD 10-7 ist für höhere Dosiermengen bei moderaten Drücken ausgelegt. Sie eignet sich ideal für Anwendungen, in denen größere Chemikalienvolumina sicher und reproduzierbar gefördert werden müssen.</p><h3>Hohe Dosierleistung bei kompakter Bauform</h3><p>Mit ihrem erhöhten Verdrängungsvolumen und einem leistungsstarken Antrieb deckt die MD 10-7 ein breites Spektrum an Dosieraufgaben ab. Die kompakte Bauform ermöglicht den Einbau auch in beengten Dosierstationen.</p><h3>Anwendungsgebiete</h3><ul><li>Dosierung von Fällmitteln und Polymerlösungen</li><li>Prozesswasserkonditionierung in der Industrie</li><li>Neutralisations- und pH-Regelkreise</li><li>Dosierung von Reinigungs- und Desinfektionschemikalien</li></ul>"
en,100201000002,10020100,4001234500008,PCE,Eco Flow diaphragm dosing pump MD 10-7,"<p>The MD 10-7 diaphragm dosing pump is designed for higher dosing capacities at moderate pressures. It is ideal for applications where larger volumes of chemicals must be conveyed safely and reproducibly.</p><h3>High dosing capacity in a compact design</h3><p>With its increased displacement volume and powerful drive, the MD 10-7 covers a wide range of dosing tasks. The compact design allows installation even in confined dosing stations.</p><h3>Applications</h3><ul><li>Dosing of coagulants and polymer solutions</li><li>Process water conditioning in industry</li><li>Neutralisation and pH control circuits</li><li>Dosing of cleaning and disinfection chemicals</li></ul>"
es,100201000002,10020100,4001234500008,PCE,Bomba dosificadora de diafragma Eco Flow MD 10-7,"<p>The MD 10-7 diaphragm dosing pump is designed for higher dosing capacities at moderate pressures. It is ideal for applications where larger volumes of chemicals must be conveyed safely and reproducibly.</p><h3>High dosing capacity in a compact design</h3><p>With its increased displacement volume and powerful drive, the MD 10-7 covers a wide range of dosing tasks. The compact design allows installation even in confined dosing stations.</p><h3>Applications</h3><ul><li>Dosing of coagulants and polymer solutions</li><li>Process water conditioning in industry</li><li>Neutralisation and pH control circuits</li><li>Dosing of cleaning and disinfection chemicals</li></ul>"
ja,100201000002,10020100,4001234500008,PCE,Eco Flow ダイヤフラム定量ポンプ MD 10-7,"<p>The MD 10-7 diaphragm dosing pump is designed for higher dosing capacities at moderate pressures. It is ideal for applications where larger volumes of chemicals must be conveyed safely and reproducibly.</p><h3>High dosing capacity in a compact design</h3><p>With its increased displacement volume and powerful drive, the MD 10-7 covers a wide range of dosing tasks. The compact design allows installation even in confined dosing stations.</p><h3>Applications</h3><ul><li>Dosing of coagulants and polymer solutions</li><li>Process water conditioning in industry</li><li>Neutralisation and pH control circuits</li><li>Dosing of cleaning and disinfection chemicals</li></ul>"
pt,100201000002,10020100,4001234500008,PCE,Bomba dosadora de diafragma Eco Flow MD 10-7,"<p>The MD 10-7 diaphragm dosing pump is designed for higher dosing capacities at moderate pressures. It is ideal for applications where larger volumes of chemicals must be conveyed safely and reproducibly.</p><h3>High dosing capacity in a compact design</h3><p>With its increased displacement volume and powerful drive, the MD 10-7 covers a wide range of dosing tasks. The compact design allows installation even in confined dosing stations.</p><h3>Applications</h3><ul><li>Dosing of coagulants and polymer solutions</li><li>Process water conditioning in industry</li><li>Neutralisation and pH control circuits</li><li>Dosing of cleaning and disinfection chemicals</li></ul>"
zh,100201000002,10020100,4001234500008,PCE,Eco Flow 隔膜计量泵 MD 10-7,"<p>The MD 10-7 diaphragm dosing pump is designed for higher dosing capacities at moderate pressures. It is ideal for applications where larger volumes of chemicals must be conveyed safely and reproducibly.</p><h3>High dosing capacity in a compact design</h3><p>With its increased displacement volume and powerful drive, the MD 10-7 covers a wide range of dosing tasks. The compact design allows installation even in confined dosing stations.</p><h3>Applications</h3><ul><li>Dosing of coagulants and polymer solutions</li><li>Process water conditioning in industry</li><li>Neutralisation and pH control circuits</li><li>Dosing of cleaning and disinfection chemicals</li></ul>"
de,100202000001,10020200,4001234500009,PCE,Eco Flow Drehkolbenpumpe RL 50,"<p>Die Drehkolbenpumpe RL 50 ist für die Förderung viskoser und empfindlicher Medien in Lebensmittel-, Chemie- und Abwasseranwendungen ausgelegt. Die schonende Verdrängerhydraulik reduziert Scherbelastungen und erhält die Produktqualität.</p><h3>Sanfte Förderung viskoser Medien</h3><p>Die synchron angetriebenen Drehkolben erzeugen einen gleichmäßigen Volumenstrom mit minimaler Pulsation. Die RL 50 ist für CIP-/SIP-Reinigungsverfahren geeignet und kann mit unterschiedlichen Werkstoffkombinationen an Medium und Branche angepasst werden.</p><h3>Anwendungsgebiete</h3><ul><li>Förderung viskoser Lebensmittelprodukte</li><li>Chemische Prozessmedien und Zwischenprodukte</li><li>Schlamm- und Dickstoffförderung</li><li>Abwasser- und Industriewasseraufbereitung</li></ul>"
en,100202000001,10020200,4001234500009,PCE,Eco Flow rotary lobe pump RL 50,"<p>The RL 50 rotary lobe pump is designed for pumping viscous and shear-sensitive media in food, chemical and wastewater applications. Its gentle positive displacement hydraulics reduce shear forces and help maintain product quality.</p><h3>Gentle handling of viscous media</h3><p>The synchronised rotary lobes generate a uniform flow with minimal pulsation. The RL 50 is suitable for CIP/SIP cleaning procedures and can be equipped with different material combinations to match the medium and industry requirements.</p><h3>Applications</h3><ul><li>Pumping of viscous food products</li><li>Chemical process media and intermediates</li><li>Sludge and high-solids transport</li><li>Wastewater and industrial water treatment</li></ul>"
es,100202000001,10020200,4001234500009,PCE,Bomba de lóbulos rotativos Eco Flow RL 50,"<p>The RL 50 rotary lobe pump is designed for pumping viscous and shear-sensitive media in food, chemical and wastewater applications. Its gentle positive displacement hydraulics reduce shear forces and help maintain product quality.</p><h3>Gentle handling of viscous media</h3><p>The synchronised rotary lobes generate a uniform flow with minimal pulsation. The RL 50 is suitable for CIP/SIP cleaning procedures and can be equipped with different material combinations to match the medium and industry requirements.</p><h3>Applications</h3><ul><li>Pumping of viscous food products</li><li>Chemical process media and intermediates</li><li>Sludge and high-solids transport</li><li>Wastewater and industrial water treatment</li></ul>"
ja,100202000001,10020200,4001234500009,PCE,Eco Flow ロータリーロブポンプ RL 50,"<p>The RL 50 rotary lobe pump is designed for pumping viscous and shear-sensitive media in food, chemical and wastewater applications. Its gentle positive displacement hydraulics reduce shear forces and help maintain product quality.</p><h3>Gentle handling of viscous media</h3><p>The synchronised rotary lobes generate a uniform flow with minimal pulsation. The RL 50 is suitable for CIP/SIP cleaning procedures and can be equipped with different material combinations to match the medium and industry requirements.</p><h3>Applications</h3><ul><li>Pumping of viscous food products</li><li>Chemical process media and intermediates</li><li>Sludge and high-solids transport</li><li>Wastewater and industrial water treatment</li></ul>"
pt,100202000001,10020200,4001234500009,PCE,Bomba de lóbulos rotativos Eco Flow RL 50,"<p>The RL 50 rotary lobe pump is designed for pumping viscous and shear-sensitive media in food, chemical and wastewater applications. Its gentle positive displacement hydraulics reduce shear forces and help maintain product quality.</p><h3>Gentle handling of viscous media</h3><p>The synchronised rotary lobes generate a uniform flow with minimal pulsation. The RL 50 is suitable for CIP/SIP cleaning procedures and can be equipped with different material combinations to match the medium and industry requirements.</p><h3>Applications</h3><ul><li>Pumping of viscous food products</li><li>Chemical process media and intermediates</li><li>Sludge and high-solids transport</li><li>Wastewater and industrial water treatment</li></ul>"
zh,100202000001,10020200,4001234500009,PCE,Eco Flow 回转凸轮泵 RL 50,"<p>The RL 50 rotary lobe pump is designed for pumping viscous and shear-sensitive media in food, chemical and wastewater applications. Its gentle positive displacement hydraulics reduce shear forces and help maintain product quality.</p><h3>Gentle handling of viscous media</h3><p>The synchronised rotary lobes generate a uniform flow with minimal pulsation. The RL 50 is suitable for CIP/SIP cleaning procedures and can be equipped with different material combinations to match the medium and industry requirements.</p><h3>Applications</h3><ul><li>Pumping of viscous food products</li><li>Chemical process media and intermediates</li><li>Sludge and high-solids transport</li><li>Wastewater and industrial water treatment</li></ul>"
de,100202000002,10020200,4001234500010,PCE,Eco Flow Drehkolbenpumpe RL 80,<p>Die Drehkolbenpumpe RL 80 ist eine Hochleistungspumpe für große Volumenströme und anspruchsvolle Prozessmedien. Sie kombiniert hohe Förderleistung mit schonender Produktbehandlung und eignet sich besonders für kontinuierliche Prozesse.</p><h3>Hoher Durchsatz bei zuverlässigem Betrieb</h3><p>Die verstärkte Lager- und Wellenausführung der RL 80 ermöglicht den Betrieb bei hohen Lasten und langen Betriebszeiten. Wartungsfreundliche Komponenten und gute Zugänglichkeit reduzieren Stillstandzeiten und Servicekosten.</p><h3>Anwendungsgebiete</h3><ul><li>Förderung hochviskoser Prozessmedien</li><li>Food- und Beverage-Anwendungen mit hohen Durchsätzen</li><li>Chemische und petrochemische Prozesse</li><li>Schlamm- und Dickstoffförderung in Kläranlagen</li></ul>
en,100202000002,10020200,4001234500010,PCE,Eco Flow rotary lobe pump RL 80,<p>The RL 80 rotary lobe pump is a high-performance pump for large flow rates and demanding process media. It combines high pumping capacity with gentle product handling and is particularly suitable for continuous processes.</p><h3>High throughput with reliable operation</h3><p>The reinforced bearing and shaft design of the RL 80 enables operation under high loads and long operating times. Service-friendly components and good accessibility reduce downtime and maintenance costs.</p><h3>Applications</h3><ul><li>Pumping of highly viscous process media</li><li>Food and beverage applications with high throughputs</li><li>Chemical and petrochemical processes</li><li>Sludge and high-solids transport in wastewater treatment plants</li></ul>
es,100202000002,10020200,4001234500010,PCE,Bomba de lóbulos rotativos Eco Flow RL 80,<p>The RL 80 rotary lobe pump is a high-performance pump for large flow rates and demanding process media. It combines high pumping capacity with gentle product handling and is particularly suitable for continuous processes.</p><h3>High throughput with reliable operation</h3><p>The reinforced bearing and shaft design of the RL 80 enables operation under high loads and long operating times. Service-friendly components and good accessibility reduce downtime and maintenance costs.</p><h3>Applications</h3><ul><li>Pumping of highly viscous process media</li><li>Food and beverage applications with high throughputs</li><li>Chemical and petrochemical processes</li><li>Sludge and high-solids transport in wastewater treatment plants</li></ul>
ja,100202000002,10020200,4001234500010,PCE,Eco Flow ロータリーロブポンプ RL 80,<p>The RL 80 rotary lobe pump is a high-performance pump for large flow rates and demanding process media. It combines high pumping capacity with gentle product handling and is particularly suitable for continuous processes.</p><h3>High throughput with reliable operation</h3><p>The reinforced bearing and shaft design of the RL 80 enables operation under high loads and long operating times. Service-friendly components and good accessibility reduce downtime and maintenance costs.</p><h3>Applications</h3><ul><li>Pumping of highly viscous process media</li><li>Food and beverage applications with high throughputs</li><li>Chemical and petrochemical processes</li><li>Sludge and high-solids transport in wastewater treatment plants</li></ul>
pt,100202000002,10020200,4001234500010,PCE,Bomba de lóbulos rotativos Eco Flow RL 80,<p>The RL 80 rotary lobe pump is a high-performance pump for large flow rates and demanding process media. It combines high pumping capacity with gentle product handling and is particularly suitable for continuous processes.</p><h3>High throughput with reliable operation</h3><p>The reinforced bearing and shaft design of the RL 80 enables operation under high loads and long operating times. Service-friendly components and good accessibility reduce downtime and maintenance costs.</p><h3>Applications</h3><ul><li>Pumping of highly viscous process media</li><li>Food and beverage applications with high throughputs</li><li>Chemical and petrochemical processes</li><li>Sludge and high-solids transport in wastewater treatment plants</li></ul>
zh,100202000002,10020200,4001234500010,PCE,Eco Flow 回转凸轮泵 RL 80,<p>The RL 80 rotary lobe pump is a high-performance pump for large flow rates and demanding process media. It combines high pumping capacity with gentle product handling and is particularly suitable for continuous processes.</p><h3>High throughput with reliable operation</h3><p>The reinforced bearing and shaft design of the RL 80 enables operation under high loads and long operating times. Service-friendly components and good accessibility reduce downtime and maintenance costs.</p><h3>Applications</h3><ul><li>Pumping of highly viscous process media</li><li>Food and beverage applications with high throughputs</li><li>Chemical and petrochemical processes</li><li>Sludge and high-solids transport in wastewater treatment plants</li></ul>
de,100201000001001,99999999,4001234500007,PCE,Eco Flow Membrandosierpumpe MD 5-10,<p>Die Membrandosierpumpe MD 5-10 ist für präzise Chemikaliendosierung in der Wasser- und Abwasseraufbereitung konzipiert. Die hermetisch getrennte Dosierhydraulik schützt Bediener und Anlage zuverlässig vor dem Fördermedium.</p><h3>Exakte Dosierung und einfache Kalibrierung</h3><p>Die Fördermenge der MD 5-10 kann über Hubfrequenz und Hublänge fein eingestellt werden. Eine gut zugängliche Skala sowie optionale elektrische oder busfähige Antriebe ermöglichen die einfache Integration in bestehende Leitsysteme.</p><h3>Anwendungsgebiete</h3><ul><li>Dosierung von Fäll- und Flockungsmitteln</li><li>pH-Korrektur in Wasseraufbereitungsanlagen</li><li>Dosierung von Desinfektionsmitteln</li><li>Chemikaliendosierung in industriellen Prozessen</li></ul>
en,100201000001001,99999999,4001234500007,PCE,Eco Flow diaphragm dosing pump MD 5-10,<p>The MD 5-10 diaphragm dosing pump is designed for precise chemical dosing in water and wastewater treatment. The hermetically separated dosing hydraulics reliably protect operators and equipment from the medium.</p><h3>Accurate dosing and easy calibration</h3><p>The flow rate of the MD 5-10 can be finely adjusted via stroke frequency and stroke length. A clearly readable scale and optional electric or bus-capable drives enable straightforward integration into existing control systems.</p><h3>Applications</h3><ul><li>Dosing of coagulants and flocculants</li><li>pH correction in water treatment plants</li><li>Dosing of disinfectants</li><li>Chemical dosing in industrial processes</li></ul>
es,100201000001001,99999999,4001234500007,PCE,Bomba dosificadora de diafragma Eco Flow MD 5-10,<p>The MD 5-10 diaphragm dosing pump is designed for precise chemical dosing in water and wastewater treatment. The hermetically separated dosing hydraulics reliably protect operators and equipment from the medium.</p><h3>Accurate dosing and easy calibration</h3><p>The flow rate of the MD 5-10 can be finely adjusted via stroke frequency and stroke length. A clearly readable scale and optional electric or bus-capable drives enable straightforward integration into existing control systems.</p><h3>Applications</h3><ul><li>Dosing of coagulants and flocculants</li><li>pH correction in water treatment plants</li><li>Dosing of disinfectants</li><li>Chemical dosing in industrial processes</li></ul>
ja,100201000001001,99999999,4001234500007,PCE,Eco Flow ダイヤフラム定量ポンプ MD 5-10,<p>The MD 5-10 diaphragm dosing pump is designed for precise chemical dosing in water and wastewater treatment. The hermetically separated dosing hydraulics reliably protect operators and equipment from the medium.</p><h3>Accurate dosing and easy calibration</h3><p>The flow rate of the MD 5-10 can be finely adjusted via stroke frequency and stroke length. A clearly readable scale and optional electric or bus-capable drives enable straightforward integration into existing control systems.</p><h3>Applications</h3><ul><li>Dosing of coagulants and flocculants</li><li>pH correction in water treatment plants</li><li>Dosing of disinfectants</li><li>Chemical dosing in industrial processes</li></ul>
pt,100201000001001,99999999,4001234500007,PCE,Bomba dosadora de diafragma Eco Flow MD 5-10,<p>The MD 5-10 diaphragm dosing pump is designed for precise chemical dosing in water and wastewater treatment. The hermetically separated dosing hydraulics reliably protect operators and equipment from the medium.</p><h3>Accurate dosing and easy calibration</h3><p>The flow rate of the MD 5-10 can be finely adjusted via stroke frequency and stroke length. A clearly readable scale and optional electric or bus-capable drives enable straightforward integration into existing control systems.</p><h3>Applications</h3><ul><li>Dosing of coagulants and flocculants</li><li>pH correction in water treatment plants</li><li>Dosing of disinfectants</li><li>Chemical dosing in industrial processes</li></ul>
zh,100201000001001,99999999,4001234500007,PCE,Eco Flow 隔膜计量泵 MD 5-10,<p>The MD 5-10 diaphragm dosing pump is designed for precise chemical dosing in water and wastewater treatment. The hermetically separated dosing hydraulics reliably protect operators and equipment from the medium.</p><h3>Accurate dosing and easy calibration</h3><p>The flow rate of the MD 5-10 can be finely adjusted via stroke frequency and stroke length. A clearly readable scale and optional electric or bus-capable drives enable straightforward integration into existing control systems.</p><h3>Applications</h3><ul><li>Dosing of coagulants and flocculants</li><li>pH correction in water treatment plants</li><li>Dosing of disinfectants</li><li>Chemical dosing in industrial processes</li></ul>
de,100201000002001,99999999,4001234500008,PCE,Eco Flow Membrandosierpumpe MD 10-7,"<p>Die Membrandosierpumpe MD 10-7 ist für höhere Dosiermengen bei moderaten Drücken ausgelegt. Sie eignet sich ideal für Anwendungen, in denen größere Chemikalienvolumina sicher und reproduzierbar gefördert werden müssen.</p><h3>Hohe Dosierleistung bei kompakter Bauform</h3><p>Mit ihrem erhöhten Verdrängungsvolumen und einem leistungsstarken Antrieb deckt die MD 10-7 ein breites Spektrum an Dosieraufgaben ab. Die kompakte Bauform ermöglicht den Einbau auch in beengten Dosierstationen.</p><h3>Anwendungsgebiete</h3><ul><li>Dosierung von Fällmitteln und Polymerlösungen</li><li>Prozesswasserkonditionierung in der Industrie</li><li>Neutralisations- und pH-Regelkreise</li><li>Dosierung von Reinigungs- und Desinfektionschemikalien</li></ul>"
en,100201000002001,99999999,4001234500008,PCE,Eco Flow diaphragm dosing pump MD 10-7,"<p>The MD 10-7 diaphragm dosing pump is designed for higher dosing capacities at moderate pressures. It is ideal for applications where larger volumes of chemicals must be conveyed safely and reproducibly.</p><h3>High dosing capacity in a compact design</h3><p>With its increased displacement volume and powerful drive, the MD 10-7 covers a wide range of dosing tasks. The compact design allows installation even in confined dosing stations.</p><h3>Applications</h3><ul><li>Dosing of coagulants and polymer solutions</li><li>Process water conditioning in industry</li><li>Neutralisation and pH control circuits</li><li>Dosing of cleaning and disinfection chemicals</li></ul>"
es,100201000002001,99999999,4001234500008,PCE,Bomba dosificadora de diafragma Eco Flow MD 10-7,"<p>The MD 10-7 diaphragm dosing pump is designed for higher dosing capacities at moderate pressures. It is ideal for applications where larger volumes of chemicals must be conveyed safely and reproducibly.</p><h3>High dosing capacity in a compact design</h3><p>With its increased displacement volume and powerful drive, the MD 10-7 covers a wide range of dosing tasks. The compact design allows installation even in confined dosing stations.</p><h3>Applications</h3><ul><li>Dosing of coagulants and polymer solutions</li><li>Process water conditioning in industry</li><li>Neutralisation and pH control circuits</li><li>Dosing of cleaning and disinfection chemicals</li></ul>"
ja,100201000002001,99999999,4001234500008,PCE,Eco Flow ダイヤフラム定量ポンプ MD 10-7,"<p>The MD 10-7 diaphragm dosing pump is designed for higher dosing capacities at moderate pressures. It is ideal for applications where larger volumes of chemicals must be conveyed safely and reproducibly.</p><h3>High dosing capacity in a compact design</h3><p>With its increased displacement volume and powerful drive, the MD 10-7 covers a wide range of dosing tasks. The compact design allows installation even in confined dosing stations.</p><h3>Applications</h3><ul><li>Dosing of coagulants and polymer solutions</li><li>Process water conditioning in industry</li><li>Neutralisation and pH control circuits</li><li>Dosing of cleaning and disinfection chemicals</li></ul>"
pt,100201000002001,99999999,4001234500008,PCE,Bomba dosadora de diafragma Eco Flow MD 10-7,"<p>The MD 10-7 diaphragm dosing pump is designed for higher dosing capacities at moderate pressures. It is ideal for applications where larger volumes of chemicals must be conveyed safely and reproducibly.</p><h3>High dosing capacity in a compact design</h3><p>With its increased displacement volume and powerful drive, the MD 10-7 covers a wide range of dosing tasks. The compact design allows installation even in confined dosing stations.</p><h3>Applications</h3><ul><li>Dosing of coagulants and polymer solutions</li><li>Process water conditioning in industry</li><li>Neutralisation and pH control circuits</li><li>Dosing of cleaning and disinfection chemicals</li></ul>"
zh,100201000002001,99999999,4001234500008,PCE,Eco Flow 隔膜计量泵 MD 10-7,"<p>The MD 10-7 diaphragm dosing pump is designed for higher dosing capacities at moderate pressures. It is ideal for applications where larger volumes of chemicals must be conveyed safely and reproducibly.</p><h3>High dosing capacity in a compact design</h3><p>With its increased displacement volume and powerful drive, the MD 10-7 covers a wide range of dosing tasks. The compact design allows installation even in confined dosing stations.</p><h3>Applications</h3><ul><li>Dosing of coagulants and polymer solutions</li><li>Process water conditioning in industry</li><li>Neutralisation and pH control circuits</li><li>Dosing of cleaning and disinfection chemicals</li></ul>"
de,100202000001001,99999999,4001234500009,PCE,Eco Flow Drehkolbenpumpe RL 50,"<p>Die Drehkolbenpumpe RL 50 ist für die Förderung viskoser und empfindlicher Medien in Lebensmittel-, Chemie- und Abwasseranwendungen ausgelegt. Die schonende Verdrängerhydraulik reduziert Scherbelastungen und erhält die Produktqualität.</p><h3>Sanfte Förderung viskoser Medien</h3><p>Die synchron angetriebenen Drehkolben erzeugen einen gleichmäßigen Volumenstrom mit minimaler Pulsation. Die RL 50 ist für CIP-/SIP-Reinigungsverfahren geeignet und kann mit unterschiedlichen Werkstoffkombinationen an Medium und Branche angepasst werden.</p><h3>Anwendungsgebiete</h3><ul><li>Förderung viskoser Lebensmittelprodukte</li><li>Chemische Prozessmedien und Zwischenprodukte</li><li>Schlamm- und Dickstoffförderung</li><li>Abwasser- und Industriewasseraufbereitung</li></ul>"
en,100202000001001,99999999,4001234500009,PCE,Eco Flow rotary lobe pump RL 50,"<p>The RL 50 rotary lobe pump is designed for pumping viscous and shear-sensitive media in food, chemical and wastewater applications. Its gentle positive displacement hydraulics reduce shear forces and help maintain product quality.</p><h3>Gentle handling of viscous media</h3><p>The synchronised rotary lobes generate a uniform flow with minimal pulsation. The RL 50 is suitable for CIP/SIP cleaning procedures and can be equipped with different material combinations to match the medium and industry requirements.</p><h3>Applications</h3><ul><li>Pumping of viscous food products</li><li>Chemical process media and intermediates</li><li>Sludge and high-solids transport</li><li>Wastewater and industrial water treatment</li></ul>"
es,100202000001001,99999999,4001234500009,PCE,Bomba de lóbulos rotativos Eco Flow RL 50,"<p>The RL 50 rotary lobe pump is designed for pumping viscous and shear-sensitive media in food, chemical and wastewater applications. Its gentle positive displacement hydraulics reduce shear forces and help maintain product quality.</p><h3>Gentle handling of viscous media</h3><p>The synchronised rotary lobes generate a uniform flow with minimal pulsation. The RL 50 is suitable for CIP/SIP cleaning procedures and can be equipped with different material combinations to match the medium and industry requirements.</p><h3>Applications</h3><ul><li>Pumping of viscous food products</li><li>Chemical process media and intermediates</li><li>Sludge and high-solids transport</li><li>Wastewater and industrial water treatment</li></ul>"
ja,100202000001001,99999999,4001234500009,PCE,Eco Flow ロータリーロブポンプ RL 50,"<p>The RL 50 rotary lobe pump is designed for pumping viscous and shear-sensitive media in food, chemical and wastewater applications. Its gentle positive displacement hydraulics reduce shear forces and help maintain product quality.</p><h3>Gentle handling of viscous media</h3><p>The synchronised rotary lobes generate a uniform flow with minimal pulsation. The RL 50 is suitable for CIP/SIP cleaning procedures and can be equipped with different material combinations to match the medium and industry requirements.</p><h3>Applications</h3><ul><li>Pumping of viscous food products</li><li>Chemical process media and intermediates</li><li>Sludge and high-solids transport</li><li>Wastewater and industrial water treatment</li></ul>"
pt,100202000001001,99999999,4001234500009,PCE,Bomba de lóbulos rotativos Eco Flow RL 50,"<p>The RL 50 rotary lobe pump is designed for pumping viscous and shear-sensitive media in food, chemical and wastewater applications. Its gentle positive displacement hydraulics reduce shear forces and help maintain product quality.</p><h3>Gentle handling of viscous media</h3><p>The synchronised rotary lobes generate a uniform flow with minimal pulsation. The RL 50 is suitable for CIP/SIP cleaning procedures and can be equipped with different material combinations to match the medium and industry requirements.</p><h3>Applications</h3><ul><li>Pumping of viscous food products</li><li>Chemical process media and intermediates</li><li>Sludge and high-solids transport</li><li>Wastewater and industrial water treatment</li></ul>"
zh,100202000001001,99999999,4001234500009,PCE,Eco Flow 回转凸轮泵 RL 50,"<p>The RL 50 rotary lobe pump is designed for pumping viscous and shear-sensitive media in food, chemical and wastewater applications. Its gentle positive displacement hydraulics reduce shear forces and help maintain product quality.</p><h3>Gentle handling of viscous media</h3><p>The synchronised rotary lobes generate a uniform flow with minimal pulsation. The RL 50 is suitable for CIP/SIP cleaning procedures and can be equipped with different material combinations to match the medium and industry requirements.</p><h3>Applications</h3><ul><li>Pumping of viscous food products</li><li>Chemical process media and intermediates</li><li>Sludge and high-solids transport</li><li>Wastewater and industrial water treatment</li></ul>"
de,100202000002001,99999999,4001234500010,PCE,Eco Flow Drehkolbenpumpe RL 80,<p>Die Drehkolbenpumpe RL 80 ist eine Hochleistungspumpe für große Volumenströme und anspruchsvolle Prozessmedien. Sie kombiniert hohe Förderleistung mit schonender Produktbehandlung und eignet sich besonders für kontinuierliche Prozesse.</p><h3>Hoher Durchsatz bei zuverlässigem Betrieb</h3><p>Die verstärkte Lager- und Wellenausführung der RL 80 ermöglicht den Betrieb bei hohen Lasten und langen Betriebszeiten. Wartungsfreundliche Komponenten und gute Zugänglichkeit reduzieren Stillstandzeiten und Servicekosten.</p><h3>Anwendungsgebiete</h3><ul><li>Förderung hochviskoser Prozessmedien</li><li>Food- und Beverage-Anwendungen mit hohen Durchsätzen</li><li>Chemische und petrochemische Prozesse</li><li>Schlamm- und Dickstoffförderung in Kläranlagen</li></ul>
en,100202000002001,99999999,4001234500010,PCE,Eco Flow rotary lobe pump RL 80,<p>The RL 80 rotary lobe pump is a high-performance pump for large flow rates and demanding process media. It combines high pumping capacity with gentle product handling and is particularly suitable for continuous processes.</p><h3>High throughput with reliable operation</h3><p>The reinforced bearing and shaft design of the RL 80 enables operation under high loads and long operating times. Service-friendly components and good accessibility reduce downtime and maintenance costs.</p><h3>Applications</h3><ul><li>Pumping of highly viscous process media</li><li>Food and beverage applications with high throughputs</li><li>Chemical and petrochemical processes</li><li>Sludge and high-solids transport in wastewater treatment plants</li></ul>
es,100202000002001,99999999,4001234500010,PCE,Bomba de lóbulos rotativos Eco Flow RL 80,<p>The RL 80 rotary lobe pump is a high-performance pump for large flow rates and demanding process media. It combines high pumping capacity with gentle product handling and is particularly suitable for continuous processes.</p><h3>High throughput with reliable operation</h3><p>The reinforced bearing and shaft design of the RL 80 enables operation under high loads and long operating times. Service-friendly components and good accessibility reduce downtime and maintenance costs.</p><h3>Applications</h3><ul><li>Pumping of highly viscous process media</li><li>Food and beverage applications with high throughputs</li><li>Chemical and petrochemical processes</li><li>Sludge and high-solids transport in wastewater treatment plants</li></ul>
ja,100202000002001,99999999,4001234500010,PCE,Eco Flow ロータリーロブポンプ RL 80,<p>The RL 80 rotary lobe pump is a high-performance pump for large flow rates and demanding process media. It combines high pumping capacity with gentle product handling and is particularly suitable for continuous processes.</p><h3>High throughput with reliable operation</h3><p>The reinforced bearing and shaft design of the RL 80 enables operation under high loads and long operating times. Service-friendly components and good accessibility reduce downtime and maintenance costs.</p><h3>Applications</h3><ul><li>Pumping of highly viscous process media</li><li>Food and beverage applications with high throughputs</li><li>Chemical and petrochemical processes</li><li>Sludge and high-solids transport in wastewater treatment plants</li></ul>
pt,100202000002001,99999999,4001234500010,PCE,Bomba de lóbulos rotativos Eco Flow RL 80,<p>The RL 80 rotary lobe pump is a high-performance pump for large flow rates and demanding process media. It combines high pumping capacity with gentle product handling and is particularly suitable for continuous processes.</p><h3>High throughput with reliable operation</h3><p>The reinforced bearing and shaft design of the RL 80 enables operation under high loads and long operating times. Service-friendly components and good accessibility reduce downtime and maintenance costs.</p><h3>Applications</h3><ul><li>Pumping of highly viscous process media</li><li>Food and beverage applications with high throughputs</li><li>Chemical and petrochemical processes</li><li>Sludge and high-solids transport in wastewater treatment plants</li></ul>
zh,100202000002001,99999999,4001234500010,PCE,Eco Flow 回转凸轮泵 RL 80,<p>The RL 80 rotary lobe pump is a high-performance pump for large flow rates and demanding process media. It combines high pumping capacity with gentle product handling and is particularly suitable for continuous processes.</p><h3>High throughput with reliable operation</h3><p>The reinforced bearing and shaft design of the RL 80 enables operation under high loads and long operating times. Service-friendly components and good accessibility reduce downtime and maintenance costs.</p><h3>Applications</h3><ul><li>Pumping of highly viscous process media</li><li>Food and beverage applications with high throughputs</li><li>Chemical and petrochemical processes</li><li>Sludge and high-solids transport in wastewater treatment plants</li></ul>
de,V20550000,20000000,4001234500011,PCE,Hauptteil,Hauptteil
en,V20550000,20000000,4001234500011,PCE,Main Part,Main Part
de,V20551005,20000000,4001234500012,PCE,Drehfeld,Drehfeld
en,V20551005,20000000,4001234500012,PCE,Rotary Field,Rotary Field
de,V10551212,20000000,4001234500013,PCE,"B18.2.4.1M - Sechskantmutter, Typ 1, M3 x 0.5 --D-N","B18.2.4.1M - Sechskantmutter, Typ 1, M3 x 0.5 --D-N"
en,V10551212,20000000,4001234500013,PCE,"B18.2.4.1M - Hexagon nut, Type 1, M3 x 0.5 --D-N","B18.2.4.1M - Hexagon nut, Type 1, M3 x 0.5 --D-N"
de,V20551008,20000000,4001234500014,PCE,B18.3.1M - 3 x 0.5 x 30 Sechskant SHCS -- 18NHX,B18.3.1M - 3 x 0.5 x 30 Sechskant SHCS -- 18NHX
en,V20551008,20000000,4001234500014,PCE,B18.3.1M - 3 x 0.5 x 30 Hexagon SHCS -- 18NHX,B18.3.1M - 3 x 0.5 x 30 Hexagon SHCS -- 18NHX
de,V20551010,20000000,4001234500015,PCE,"Drehfeld, Rückseite","Drehfeld, Rückseite"
en,V20551010,20000000,4001234500015,PCE,"Rotary field, back","Rotary field, back"
de,V20551071,20000000,4001234500016,PCE,Getriebe,Getriebe
en,V20551071,20000000,4001234500016,PCE,Gear,Gear
de,V20551073,20000000,4001234500017,PCE,"B18.3.6M - M3 x 0.5 x 4 Sechskant-Sockel Kegel Pt, SS --N","B18.3.6M - M3 x 0.5 x 4 Sechskant-Sockel Kegel Pt, SS --N"
en,V20551073,20000000,4001234500017,PCE,"B18.3.6M - M3 x 0.5 x 4 Hexagon base cone Pt, SS --N","B18.3.6M - M3 x 0.5 x 4 Hexagon base cone Pt, SS --N"
de,V20551074,20000000,4001234500018,PCE,"B18.3.6M - M3 x 0.5 x 4 Sechskant-Sockel Typ I Außenring Pt, SS --N","B18.3.6M - M3 x 0.5 x 4 Sechskant-Sockel Typ I Außenring Pt, SS --N"
en,V20551074,20000000,4001234500018,PCE,"B18.3.6M - M3 x 0.5 x 4 Hexagon base Type I outer ring Pt, SS --N","B18.3.6M - M3 x 0.5 x 4 Hexagon base Type I outer ring Pt, SS --N"
de,V20551075,20000000,4001234500019,PCE,Öldichtung ø7-ø11-2,Öldichtung ø7-ø11-2
en,V20551075,20000000,4001234500019,PCE,Oil seal ø7-ø11-2,Oil seal ø7-ø11-2
de,V20551076,20000000,4001234500020,PCE,SKF - 623 - 8.SI.NC.8 69,SKF - 623 - 8.SI.NC.8 69
en,V20551076,20000000,4001234500020,PCE,SKF - 623 - 8.SI.NC.8 69,SKF - 623 - 8.SI.NC.8 69
de,V20551087,20000000,4001234500021,PCE,Verteilerrad,Verteilerrad
en,V20551087,20000000,4001234500021,PCE,Distributor wheel,Distributor wheel
de,V20551088,20000000,4001234500022,PCE,Getriebeschraube,Getriebeschraube
en,V20551088,20000000,4001234500022,PCE,Gear screw,Gear screw
de,V20551089,20000000,4001234500023,PCE,Getriebeschraube,Getriebeschraube
en,V20551089,20000000,4001234500023,PCE,Gear screw,Gear screw
de,V20551090,20000000,4001234500024,PCE,B18.6.7M - M2 x 0.4 x 4 Typ I Kreuzschlitz FHMS --4N,B18.6.7M - M2 x 0.4 x 4 Typ I Kreuzschlitz FHMS --4N
en,V20551090,20000000,4001234500024,PCE,B18.6.7M - M2 x 0.4 x 4 Typ I Phillips FHMS --4N,B18.6.7M - M2 x 0.4 x 4 Typ I Phillips FHMS --4N
de,V20551091,20000000,4001234500025,PCE,Zahnrad S-0540-04,Zahnrad S-0540-04
en,V20551091,20000000,4001234500025,PCE,Gear wheel S-0540-04,Gear wheel S-0540-04
de,V20551092,20000000,4001234500026,PCE,Getriebe,Getriebe
en,V20551092,20000000,4001234500026,PCE,Gear,Gear
