Material ID,Name,Picture,Media Folder,Media Format
100101000001,Eco Flow axial flow pump AX 200,MAT_100101000001_045deg.jpg,products,ProductImage_480x480
100101000001,Eco Flow axial flow pump AX 200,MAT_100101000001_000deg.jpg,products,ProductImage_480x480
100101000001,Eco Flow axial flow pump AX 200,MAT_100101000001_090deg.jpg,products,ProductImage_480x480
100101000001,Eco Flow axial flow pump AX 200,MAT_100101000001_135deg.jpg,products,ProductImage_480x480
100101000001,Eco Flow axial flow pump AX 200,MAT_100101000001_180deg.jpg,products,ProductImage_480x480
100101000001,Eco Flow axial flow pump AX 200,MAT_100101000001_225deg.jpg,products,ProductImage_480x480
100101000001,Eco Flow axial flow pump AX 200,MAT_100101000001_270deg.jpg,products,ProductImage_480x480
100101000001,Eco Flow axial flow pump AX 200,MAT_100101000001_top_view.jpg,products,ProductImage_480x480
100101000001,Eco Flow axial flow pump AX 200,MAT_100101000001_315deg.jpg,products,ProductImage_480x480
100101000002,Eco Flow axial flow pump AX 400,MAT_100101000002_045deg.jpg,products,ProductImage_480x480
100101000002,Eco Flow axial flow pump AX 400,MAT_100101000002_000deg.jpg,products,ProductImage_480x480
100101000002,Eco Flow axial flow pump AX 400,MAT_100101000002_090deg.jpg,products,ProductImage_480x480
100101000002,Eco Flow axial flow pump AX 400,MAT_100101000002_135deg.jpg,products,ProductImage_480x480
100101000002,Eco Flow axial flow pump AX 400,MAT_100101000002_180deg.jpg,products,ProductImage_480x480
100101000002,Eco Flow axial flow pump AX 400,MAT_100101000002_225deg.jpg,products,ProductImage_480x480
100101000002,Eco Flow axial flow pump AX 400,MAT_100101000002_270deg.jpg,products,ProductImage_480x480
100101000002,Eco Flow axial flow pump AX 400,MAT_100101000002_top_view.jpg,products,ProductImage_480x480
100101000002,Eco Flow axial flow pump AX 400,MAT_100101000002_315deg.jpg,products,ProductImage_480x480
100102000001,Eco Flow radial flow pump CR 25-160,MAT_100102000001_045deg.jpg,products,ProductImage_480x480
100102000001,Eco Flow radial flow pump CR 25-160,MAT_100102000001_000deg.jpg,products,ProductImage_480x480
100102000001,Eco Flow radial flow pump CR 25-160,MAT_100102000001_090deg.jpg,products,ProductImage_480x480
100102000001,Eco Flow radial flow pump CR 25-160,MAT_100102000001_135deg.jpg,products,ProductImage_480x480
100102000001,Eco Flow radial flow pump CR 25-160,MAT_100102000001_180deg.jpg,products,ProductImage_480x480
100102000001,Eco Flow radial flow pump CR 25-160,MAT_100102000001_225deg.jpg,products,ProductImage_480x480
100102000001,Eco Flow radial flow pump CR 25-160,MAT_100102000001_270deg.jpg,products,ProductImage_480x480
100102000001,Eco Flow radial flow pump CR 25-160,MAT_100102000001_top_view.jpg,products,ProductImage_480x480
100102000001,Eco Flow radial flow pump CR 25-160,MAT_100102000001_315deg.jpg,products,ProductImage_480x480
100102000002,Eco Flow radial flow pump CR 32-200,MAT_100102000002_045deg.jpg,products,ProductImage_480x480
100102000002,Eco Flow radial flow pump CR 32-200,MAT_100102000002_000deg.jpg,products,ProductImage_480x480
100102000002,Eco Flow radial flow pump CR 32-200,MAT_100102000002_090deg.jpg,products,ProductImage_480x480
100102000002,Eco Flow radial flow pump CR 32-200,MAT_100102000002_135deg.jpg,products,ProductImage_480x480
100102000002,Eco Flow radial flow pump CR 32-200,MAT_100102000002_180deg.jpg,products,ProductImage_480x480
100102000002,Eco Flow radial flow pump CR 32-200,MAT_100102000002_225deg.jpg,products,ProductImage_480x480
100102000002,Eco Flow radial flow pump CR 32-200,MAT_100102000002_270deg.jpg,products,ProductImage_480x480
100102000002,Eco Flow radial flow pump CR 32-200,MAT_100102000002_top_view.jpg,products,ProductImage_480x480
100102000002,Eco Flow radial flow pump CR 32-200,MAT_100102000002_315deg.jpg,products,ProductImage_480x480
100103000001,Eco Flow side channel pump SC 40-4,MAT_100103000001_045deg.jpg,products,ProductImage_480x480
100103000001,Eco Flow side channel pump SC 40-4,MAT_100103000001_000deg.jpg,products,ProductImage_480x480
100103000001,Eco Flow side channel pump SC 40-4,MAT_100103000001_090deg.jpg,products,ProductImage_480x480
100103000001,Eco Flow side channel pump SC 40-4,MAT_100103000001_135deg.jpg,products,ProductImage_480x480
100103000001,Eco Flow side channel pump SC 40-4,MAT_100103000001_180deg.jpg,products,ProductImage_480x480
100103000001,Eco Flow side channel pump SC 40-4,MAT_100103000001_225deg.jpg,products,ProductImage_480x480
100103000001,Eco Flow side channel pump SC 40-4,MAT_100103000001_270deg.jpg,products,ProductImage_480x480
100103000001,Eco Flow side channel pump SC 40-4,MAT_100103000001_top_view.jpg,products,ProductImage_480x480
100103000001,Eco Flow side channel pump SC 40-4,MAT_100103000001_315deg.jpg,products,ProductImage_480x480
100103000002,Eco Flow side channel pump SC 50-6,MAT_100103000002_045deg.jpg,products,ProductImage_480x480
100103000002,Eco Flow side channel pump SC 50-6,MAT_100103000002_000deg.jpg,products,ProductImage_480x480
100103000002,Eco Flow side channel pump SC 50-6,MAT_100103000002_090deg.jpg,products,ProductImage_480x480
100103000002,Eco Flow side channel pump SC 50-6,MAT_100103000002_135deg.jpg,products,ProductImage_480x480
100103000002,Eco Flow side channel pump SC 50-6,MAT_100103000002_180deg.jpg,products,ProductImage_480x480
100103000002,Eco Flow side channel pump SC 50-6,MAT_100103000002_225deg.jpg,products,ProductImage_480x480
100103000002,Eco Flow side channel pump SC 50-6,MAT_100103000002_270deg.jpg,products,ProductImage_480x480
100103000002,Eco Flow side channel pump SC 50-6,MAT_100103000002_top_view.jpg,products,ProductImage_480x480
100103000002,Eco Flow side channel pump SC 50-6,MAT_100103000002_315deg.jpg,products,ProductImage_480x480
100201000001,Eco Flow diaphragm dosing pump MD 5-10,MAT_100201000001_045deg.jpg,products,ProductImage_480x480
100201000001,Eco Flow diaphragm dosing pump MD 5-10,MAT_100201000001_000deg.jpg,products,ProductImage_480x480
100201000001,Eco Flow diaphragm dosing pump MD 5-10,MAT_100201000001_090deg.jpg,products,ProductImage_480x480
100201000001,Eco Flow diaphragm dosing pump MD 5-10,MAT_100201000001_135deg.jpg,products,ProductImage_480x480
100201000001,Eco Flow diaphragm dosing pump MD 5-10,MAT_100201000001_180deg.jpg,products,ProductImage_480x480
100201000001,Eco Flow diaphragm dosing pump MD 5-10,MAT_100201000001_225deg.jpg,products,ProductImage_480x480
100201000001,Eco Flow diaphragm dosing pump MD 5-10,MAT_100201000001_270deg.jpg,products,ProductImage_480x480
100201000001,Eco Flow diaphragm dosing pump MD 5-10,MAT_100201000001_top_view.jpg,products,ProductImage_480x480
100201000001,Eco Flow diaphragm dosing pump MD 5-10,MAT_100201000001_315deg.jpg,products,ProductImage_480x480
100201000002,Eco Flow diaphragm dosing pump MD 10-7,MAT_100201000002_045deg.jpg,products,ProductImage_480x480
100201000002,Eco Flow diaphragm dosing pump MD 10-7,MAT_100201000002_000deg.jpg,products,ProductImage_480x480
100201000002,Eco Flow diaphragm dosing pump MD 10-7,MAT_100201000002_090deg.jpg,products,ProductImage_480x480
100201000002,Eco Flow diaphragm dosing pump MD 10-7,MAT_100201000002_135deg.jpg,products,ProductImage_480x480
100201000002,Eco Flow diaphragm dosing pump MD 10-7,MAT_100201000002_180deg.jpg,products,ProductImage_480x480
100201000002,Eco Flow diaphragm dosing pump MD 10-7,MAT_100201000002_225deg.jpg,products,ProductImage_480x480
100201000002,Eco Flow diaphragm dosing pump MD 10-7,MAT_100201000002_270deg.jpg,products,ProductImage_480x480
100202000001,Eco Flow rotary lobe pump RL 50,MAT_100201000002_top_view.jpg,products,ProductImage_480x480
100201000002,Eco Flow diaphragm dosing pump MD 10-7,MAT_100201000002_315deg.jpg,products,ProductImage_480x480
100202000001,Eco Flow rotary lobe pump RL 50,MAT_100202000001_045deg.jpg,products,ProductImage_480x480
100202000001,Eco Flow rotary lobe pump RL 50,MAT_100202000001_000deg.jpg,products,ProductImage_480x480
100202000001,Eco Flow rotary lobe pump RL 50,MAT_100202000001_090deg.jpg,products,ProductImage_480x480
100202000001,Eco Flow rotary lobe pump RL 50,MAT_100202000001_135deg.jpg,products,ProductImage_480x480
100202000001,Eco Flow rotary lobe pump RL 50,MAT_100202000001_180deg.jpg,products,ProductImage_480x480
100202000001,Eco Flow rotary lobe pump RL 50,MAT_100202000001_225deg.jpg,products,ProductImage_480x480
100202000001,Eco Flow rotary lobe pump RL 50,MAT_100202000001_270deg.jpg,products,ProductImage_480x480
100202000001,Eco Flow rotary lobe pump RL 50,MAT_100202000001_top_view.jpg,products,ProductImage_480x480
100202000001,Eco Flow rotary lobe pump RL 50,MAT_100202000001_315deg.jpg,products,ProductImage_480x480
100202000002,Eco Flow rotary lobe pump RL 80,MAT_100202000002_045deg.jpg,products,ProductImage_480x480
100202000002,Eco Flow rotary lobe pump RL 80,MAT_100202000002_000deg.jpg,products,ProductImage_480x480
100202000002,Eco Flow rotary lobe pump RL 80,MAT_100202000002_090deg.jpg,products,ProductImage_480x480
100202000002,Eco Flow rotary lobe pump RL 80,MAT_100202000002_135deg.jpg,products,ProductImage_480x480
100202000002,Eco Flow rotary lobe pump RL 80,MAT_100202000002_180deg.jpg,products,ProductImage_480x480
100202000002,Eco Flow rotary lobe pump RL 80,MAT_100202000002_225deg.jpg,products,ProductImage_480x480
100202000002,Eco Flow rotary lobe pump RL 80,MAT_100202000002_270deg.jpg,products,ProductImage_480x480
100202000002,Eco Flow rotary lobe pump RL 80,MAT_100202000002_top_view.jpg,products,ProductImage_480x480
100202000002,Eco Flow rotary lobe pump RL 80,MAT_100202000002_315deg.jpg,products,ProductImage_480x480
V20550000,Rotary Field,V20550000.jpg,products,ProductImage_480x480
V20551005,"B18.2.4.1M - Hexagon nut, Type 1, M3 x 0.5 --D-N",V20551005.jpg,products,ProductImage_480x480
V10551212,Main Part,V10551212.jpg,products,ProductImage_480x480
V20551008,B18.3.1M - 3 x 0.5 x 30 Hexagon SHCS -- 18NHX,V20551008.jpg,products,ProductImage_480x480
V20551010,"Rotary field, back",V20551010.jpg,products,ProductImage_480x480
V20551071,Gear,V20551071.jpg,products,ProductImage_480x480
V20551073,"B18.3.6M - M3 x 0.5 x 4 Hexagon base cone Pt, SS --N",V20551073.jpg,products,ProductImage_480x480
V20551074,"B18.3.6M - M3 x 0.5 x 4 Hexagon base Type I outer ring Pt, SS --N",V20551074.jpg,products,ProductImage_480x480
V20551075,Oil seal ø7-ø11-2,V20551075.jpg,products,ProductImage_480x480
V20551076,SKF - 623 - 8.SI.NC.8 69,V20551076.jpg,products,ProductImage_480x480
V20551087,Distributor wheel,V20551087.jpg,products,ProductImage_480x480
V20551088,Gear screw,V20551088.jpg,products,ProductImage_480x480
V20551089,Gear screw,V20551089.jpg,products,ProductImage_480x480
V20551090,B18.6.7M - M2 x 0.4 x 4 Typ I Phillips FHMS --4N,V20551090.jpg,products,ProductImage_480x480
V20551091,Gear wheel S-0540-04,V20551091.jpg,products,ProductImage_480x480
V20551092,Gear,V20551092.jpg,products,ProductImage_480x480
100201000001001,Eco Flow diaphragm dosing pump MD 5-10,MAT_100201000001_045deg.jpg,products,ProductImage_480x480
100201000001001,Eco Flow diaphragm dosing pump MD 5-10,MAT_100201000001_000deg.jpg,products,ProductImage_480x480
100201000001001,Eco Flow diaphragm dosing pump MD 5-10,MAT_100201000001_090deg.jpg,products,ProductImage_480x480
100201000001001,Eco Flow diaphragm dosing pump MD 5-10,MAT_100201000001_135deg.jpg,products,ProductImage_480x480
100201000001001,Eco Flow diaphragm dosing pump MD 5-10,MAT_100201000001_180deg.jpg,products,ProductImage_480x480
100201000001001,Eco Flow diaphragm dosing pump MD 5-10,MAT_100201000001_225deg.jpg,products,ProductImage_480x480
100201000001001,Eco Flow diaphragm dosing pump MD 5-10,MAT_100201000001_270deg.jpg,products,ProductImage_480x480
100201000001001,Eco Flow diaphragm dosing pump MD 5-10,MAT_100201000001_top_view.jpg,products,ProductImage_480x480
100201000001001,Eco Flow diaphragm dosing pump MD 5-10,MAT_100201000001_315deg.jpg,products,ProductImage_480x480
100201000002001,Eco Flow diaphragm dosing pump MD 10-7,MAT_100201000002_045deg.jpg,products,ProductImage_480x480
100201000002001,Eco Flow diaphragm dosing pump MD 10-7,MAT_100201000002_000deg.jpg,products,ProductImage_480x480
100201000002001,Eco Flow diaphragm dosing pump MD 10-7,MAT_100201000002_090deg.jpg,products,ProductImage_480x480
100201000002001,Eco Flow diaphragm dosing pump MD 10-7,MAT_100201000002_135deg.jpg,products,ProductImage_480x480
100201000002001,Eco Flow diaphragm dosing pump MD 10-7,MAT_100201000002_180deg.jpg,products,ProductImage_480x480
100201000002001,Eco Flow diaphragm dosing pump MD 10-7,MAT_100201000002_225deg.jpg,products,ProductImage_480x480
100201000002001,Eco Flow diaphragm dosing pump MD 10-7,MAT_100201000002_270deg.jpg,products,ProductImage_480x480
100201000002001,Eco Flow diaphragm dosing pump MD 10-7,MAT_100201000002_top_view.jpg,products,ProductImage_480x480
100201000002001,Eco Flow diaphragm dosing pump MD 10-7,MAT_100201000002_315deg.jpg,products,ProductImage_480x480
100202000001001,Eco Flow rotary lobe pump RL 50,MAT_100202000001_045deg.jpg,products,ProductImage_480x480
100202000001001,Eco Flow rotary lobe pump RL 50,MAT_100202000001_000deg.jpg,products,ProductImage_480x480
100202000001001,Eco Flow rotary lobe pump RL 50,MAT_100202000001_090deg.jpg,products,ProductImage_480x480
100202000001001,Eco Flow rotary lobe pump RL 50,MAT_100202000001_135deg.jpg,products,ProductImage_480x480
100202000001001,Eco Flow rotary lobe pump RL 50,MAT_100202000001_180deg.jpg,products,ProductImage_480x480
100202000001001,Eco Flow rotary lobe pump RL 50,MAT_100202000001_225deg.jpg,products,ProductImage_480x480
100202000001001,Eco Flow rotary lobe pump RL 50,MAT_100202000001_270deg.jpg,products,ProductImage_480x480
100202000001001,Eco Flow rotary lobe pump RL 50,MAT_100202000001_top_view.jpg,products,ProductImage_480x480
100202000001001,Eco Flow rotary lobe pump RL 50,MAT_100202000001_315deg.jpg,products,ProductImage_480x480
100202000002001,Eco Flow rotary lobe pump RL 80,MAT_100202000002_045deg.jpg,products,ProductImage_480x480
100202000002001,Eco Flow rotary lobe pump RL 80,MAT_100202000002_000deg.jpg,products,ProductImage_480x480
100202000002001,Eco Flow rotary lobe pump RL 80,MAT_100202000002_090deg.jpg,products,ProductImage_480x480
100202000002001,Eco Flow rotary lobe pump RL 80,MAT_100202000002_135deg.jpg,products,ProductImage_480x480
100202000002001,Eco Flow rotary lobe pump RL 80,MAT_100202000002_180deg.jpg,products,ProductImage_480x480
100202000002001,Eco Flow rotary lobe pump RL 80,MAT_100202000002_225deg.jpg,products,ProductImage_480x480
100202000002001,Eco Flow rotary lobe pump RL 80,MAT_100202000002_270deg.jpg,products,ProductImage_480x480
100202000002001,Eco Flow rotary lobe pump RL 80,MAT_100202000002_top_view.jpg,products,ProductImage_480x480
100202000002001,Eco Flow rotary lobe pump RL 80,MAT_100202000002_315deg.jpg,products,ProductImage_480x480